alaves,Pellegrino,http://files.laliga.es/jugadores/201608/250x250_14173315pellegrino.jpg
alaves,Pacheco,http://files.laliga.es/jugadores/201608/250x250_14171901pacheco.jpg
alaves,A. Ortolá,http://files.laliga.es/jugadores/201608/250x250_21121935ortola.jpg
alaves,Aleksandar Pantić,http://files.laliga.es/jugadores/201608/250x250_21115103pantic.jpg
alaves,Raúl García,http://files.laliga.es/jugadores/201608/250x250_14171901raul-garcia.jpg
alaves,Alexis,http://files.laliga.es/jugadores/201608/250x250_21105623alexis-ruano.jpg
alaves,Laguardia,http://files.laliga.es/jugadores/201608/250x250_14171903laguardia.jpg
alaves,Theo Hernández,http://files.laliga.es/jugadores/201608/250x250_30110448theo-hernandez.jpg
alaves,Kiko Femenía,http://files.laliga.es/jugadores/201608/250x250_14171900kiko-femenia.jpg
alaves,Vigaray,http://files.laliga.es/jugadores/201609/250x250_13112702carlos-vigaray.jpg
alaves,Feddal,http://files.laliga.es/jugadores/201608/250x250_21112034feddal.jpg
alaves,Einar Galilea *,http://files.laliga.es/jugadores/201608/250x250_14171900einar-galilea.jpg
alaves,Marcos Llorente,http://files.laliga.es/jugadores/201609/250x250_13112756marcos-llorente.jpg
alaves,Camarasa,http://files.laliga.es/jugadores/201609/250x250_13112728victor-camarasa.jpg
alaves,Ibai,http://files.laliga.es/jugadores/201608/250x250_21121120ibai-gomez.jpg
alaves,Sergio Llamas,http://files.laliga.es/jugadores/201608/250x250_14171902sergio-llamas.jpg
alaves,Espinoza,http://files.laliga.es/jugadores/201609/250x250_13112834cristian-espinoza.jpg
alaves,D. Torres,http://files.laliga.es/jugadores/201608/250x250_26190957torres.jpg
alaves,Edgar,http://files.laliga.es/jugadores/201608/250x250_14171901edgar.jpg
alaves,Manu García,http://files.laliga.es/jugadores/201608/250x250_14171901manu-garcia.jpg
alaves,Nenad Krstičić,http://files.laliga.es/jugadores/201608/250x250_26190958krsticic.jpg
alaves,Katai,http://files.laliga.es/jugadores/201609/250x250_13112911aleksander-katai.jpg
alaves,Sobrino,http://files.laliga.es/jugadores/201608/250x250_21120229sobrino.jpg
alaves,Christian Santos,http://files.laliga.es/jugadores/201608/250x250_26190957santos.jpg
alaves,Barreiro,http://files.laliga.es/jugadores/201608/250x250_14171901barreiro.jpg
alaves,Toquero,http://files.laliga.es/jugadores/201608/250x250_14171903toquero.jpg
alaves,Deyverson,http://files.laliga.es/jugadores/201608/250x250_14171900deyverson.jpg
alaves,Dani Iglesias *,http://files.laliga.es/jugadores/201608/250x250_14171902dani-iglesias.jpg
athletic,Valverde,http://files.laliga.es/jugadores/201608/250x250_08092209valverde.jpg
athletic,Iraizoz,http://files.laliga.es/jugadores/201608/250x250_08091500iraizoz.jpg
athletic,Iago Herrerín,http://files.laliga.es/jugadores/201608/250x250_08091557herrrerin.jpg
athletic,Kepa *,http://files.laliga.es/jugadores/201608/250x250_08100034kepa.jpg
athletic,Bóveda,http://files.laliga.es/jugadores/201608/250x250_08091419boveda.jpg
athletic,Laporte,http://files.laliga.es/jugadores/201608/250x250_08091705laporte.jpg
athletic,San José,http://files.laliga.es/jugadores/201608/250x250_08091750san-jose.jpg
athletic,Iñigo Lekue,http://files.laliga.es/jugadores/201608/250x250_08092942lekue.jpg
athletic,Etxeita,http://files.laliga.es/jugadores/201608/250x250_08091644etxeita.jpg
athletic,De Marcos,http://files.laliga.es/jugadores/201608/250x250_08091923demarcos.jpg
athletic,Balenziaga,http://files.laliga.es/jugadores/201608/250x250_08091621balenziaga.jpg
athletic,Saborit,http://files.laliga.es/jugadores/201608/250x250_08091727saborit.jpg
athletic,Elustondo,http://files.laliga.es/jugadores/201608/250x250_08092456elustondo.jpg
athletic,Eraso,http://files.laliga.es/jugadores/201608/250x250_08092755eraso.jpg
athletic,Beñat,http://files.laliga.es/jugadores/201608/250x250_08091903be--at.jpg
athletic,Iturraspe,http://files.laliga.es/jugadores/201608/250x250_08091946iturraspe.jpg
athletic,Vesga,http://files.laliga.es/jugadores/201608/250x250_21185935vesga.jpg
athletic,Susaeta,http://files.laliga.es/jugadores/201608/250x250_08092033susaeta.jpg
athletic,Mikel Rico,http://files.laliga.es/jugadores/201608/250x250_08091840rico.jpg
athletic,Sabin Merino,http://files.laliga.es/jugadores/201608/250x250_08092911sabin-merino.jpg
athletic,Raúl García,http://files.laliga.es/jugadores/201608/250x250_08092343raul-garcia.jpg
athletic,Muniain,http://files.laliga.es/jugadores/201608/250x250_08092101muniain.jpg
athletic,Williams,http://files.laliga.es/jugadores/201608/250x250_08092837williams.jpg
athletic,Aduriz,http://files.laliga.es/jugadores/201608/250x250_08092121aduriz.jpg
atletico,Diego Simeone,http://files.laliga.es/jugadores/201608/250x250_08153908simeone.jpg
atletico,Moyà,http://files.laliga.es/jugadores/201608/250x250_08153517moya.jpg
atletico,Oblak,http://files.laliga.es/jugadores/201608/250x250_08154300oblak.jpg
atletico,Godín,http://files.laliga.es/jugadores/201608/250x250_08153648godin.jpg
atletico,Filipe Luis,http://files.laliga.es/jugadores/201608/250x250_08153712filipe-luis.jpg
atletico,Savić,http://files.laliga.es/jugadores/201608/250x250_08154456savic.jpg
atletico,Vrsaljko,http://files.laliga.es/jugadores/201608/250x250_14174911vrsaljko.jpg
atletico,Lucas Hernández,http://files.laliga.es/jugadores/201608/250x250_08154214lucas.jpg
atletico,Juanfran,http://files.laliga.es/jugadores/201608/250x250_08153732juanfran.jpg
atletico,Giménez,http://files.laliga.es/jugadores/201608/250x250_08153619gimenez.jpg
atletico,Tiago,http://files.laliga.es/jugadores/201608/250x250_08153754tiago.jpg
atletico,Koke,http://files.laliga.es/jugadores/201608/250x250_08153820koke.jpg
atletico,Saúl,http://files.laliga.es/jugadores/201608/250x250_08154014saul.jpg
atletico,Yannick,http://files.laliga.es/jugadores/201608/250x250_14175045carrasco.jpg
atletico,Augusto,http://files.laliga.es/jugadores/201608/250x250_08153951augusto.jpg
atletico,Gabi,http://files.laliga.es/jugadores/201608/250x250_08153843gabi.jpg
atletico,Thomas,http://files.laliga.es/jugadores/201608/250x250_08153549thomas.jpg
atletico,Gaitán,http://files.laliga.es/jugadores/201608/250x250_14174609gaitan.jpg
atletico,Fernando Torres,http://files.laliga.es/jugadores/201608/250x250_08154416fernando-torres.jpg
atletico,Gameiro,http://files.laliga.es/jugadores/201608/250x250_14174428kevin-gameiro.jpg
celta,Berizzo,http://files.laliga.es/jugadores/201608/250x250_22185024berizzo.jpg
celta,Sergio Álvarez,http://files.laliga.es/jugadores/201608/250x250_22184702sergio.jpg
celta,Rubén Blanco,http://files.laliga.es/jugadores/201608/250x250_22184808ruben.jpg
celta,Iván Villar *,http://files.laliga.es/jugadores/201608/250x250_22192343villar.jpg
celta,Hugo Mallo,http://files.laliga.es/jugadores/201608/250x250_22184809hugo-mallo.jpg
celta,Fontàs,http://files.laliga.es/jugadores/201608/250x250_22184808fontas.jpg
celta,Costas,http://files.laliga.es/jugadores/201608/250x250_22185024costas.jpg
celta,Jonny,http://files.laliga.es/jugadores/201608/250x250_22184908jonny.jpg
celta,Sergi Gómez,http://files.laliga.es/jugadores/201608/250x250_22184702sergi-gomez.jpg
celta,Planas,http://files.laliga.es/jugadores/201608/250x250_22184702planas.jpg
celta,Cabral,http://files.laliga.es/jugadores/201608/250x250_22184908cabral.jpg
celta,Facundo Roncaglia,http://files.laliga.es/jugadores/201608/250x250_22185523roncaglia.jpg
celta,Marcelo Díaz,http://files.laliga.es/jugadores/201608/250x250_22185523marcelo.jpg
celta,Radoja,http://files.laliga.es/jugadores/201608/250x250_22185127radoja.jpg
celta,Pablo Hernández,http://files.laliga.es/jugadores/201608/250x250_22185024pablo-hdez.jpg
celta,Sisto,http://files.laliga.es/jugadores/201608/250x250_22192453sisto.jpg
celta,Orellana,http://files.laliga.es/jugadores/201608/250x250_22184909orellana.jpg
celta,Álvaro Lemos,http://files.laliga.es/jugadores/201608/250x250_22185424lemos.jpg
celta,Wass,http://files.laliga.es/jugadores/201608/250x250_22185222wass.jpg
celta,Señé,http://files.laliga.es/jugadores/201608/250x250_22185424sene.jpg
celta,Borja Fernández *,http://files.laliga.es/jugadores/201608/250x250_22185222borja-fdez.jpg
celta,Borja Iglesias *,http://files.laliga.es/jugadores/201609/250x250_13154024borja-iglesias.jpg
celta,Pape Cheikh *,http://files.laliga.es/jugadores/201609/250x250_13153921pape.jpg
celta,Bongonda,http://files.laliga.es/jugadores/201608/250x250_22185222bongonda.jpg
celta,Guidetti,http://files.laliga.es/jugadores/201608/250x250_22185328guidetti.jpg
celta,Iago Aspas,http://files.laliga.es/jugadores/201608/250x250_22185127aspas.jpg
celta,Claudio Beauvue,http://files.laliga.es/jugadores/201608/250x250_22185523beuveu.jpg
celta,J. Naranjo,http://files.laliga.es/jugadores/201608/250x250_22185424naranjo.jpg
celta,Giuseppe Rossi,http://files.laliga.es/jugadores/201609/250x250_13115201rossi.jpg
deportivo,Gaizka Garitano,http://files.laliga.es/jugadores/201608/250x250_10121154gaizka-garitano.jpg
deportivo,Lux,http://files.laliga.es/jugadores/201608/250x250_10121618german-lux.jpg
deportivo,Tytoń,http://files.laliga.es/jugadores/201608/250x250_10121745tyton-andone.jpg
deportivo,Rubén,http://files.laliga.es/jugadores/201608/250x250_10121529ruben-martinez.jpg
deportivo,Fernando Navarro,http://files.laliga.es/jugadores/201608/250x250_10121100fernando-navarro.jpg
deportivo,Albentosa,http://files.laliga.es/jugadores/201608/250x250_10121130albentosa.jpg
deportivo,Sidnei,http://files.laliga.es/jugadores/201608/250x250_10121452sidnei.jpg
deportivo,Arribas,http://files.laliga.es/jugadores/201608/250x250_10121355arribas.jpg
deportivo,Laure,http://files.laliga.es/jugadores/201608/250x250_10121239laure.jpg
deportivo,Luisinho,http://files.laliga.es/201508/250x250_27201451luisinho.jpg
deportivo,Juanfran,http://files.laliga.es/201508/250x250_27201121juanfran.jpg
deportivo,Alex Bergantiños,http://files.laliga.es/jugadores/201608/250x250_10121317alex-berganti--os.jpg
deportivo,Mosquera,http://files.laliga.es/jugadores/201608/250x250_10121031pedro-mosquera.jpg
deportivo,Emre Çolak,http://files.laliga.es/jugadores/201608/250x250_10122009emre---olak.jpg
deportivo,Carles Gil,http://files.laliga.es/jugadores/201608/250x250_14181217carles-gil.jpg
deportivo,Borja Valle,http://files.laliga.es/jugadores/201608/250x250_10121939borja-valle.jpg
deportivo,Fajr,http://files.laliga.es/jugadores/201608/250x250_10121711fay--al.jpg
deportivo,Guilherme,http://files.laliga.es/jugadores/201608/250x250_30085752guilheme.jpg
deportivo,Bruno Gama,http://files.laliga.es/jugadores/201608/250x250_30085751bruno.jpg
deportivo,Celso Borges,http://files.laliga.es/jugadores/201608/250x250_10121900celso-borges.jpg
deportivo,Óscar *,http://files.laliga.es/jugadores/201608/250x250_10122151oscar.jpg
deportivo,Joselu,http://files.laliga.es/jugadores/201609/250x250_13121122joselu.jpg
deportivo,Marlos Moreno,http://files.laliga.es/jugadores/201609/250x250_02172158marlos-moreno.jpg
deportivo,Florin Andone,http://files.laliga.es/jugadores/201608/250x250_14181217florin-andone.jpg
eibar,Mendilibar,http://files.laliga.es/jugadores/201608/250x250_24113232jose-luis-mendilibar.jpg
eibar,Yoel,http://files.laliga.es/jugadores/201608/250x250_24113126yoel-rodriguez.jpg
eibar,Riesgo,http://files.laliga.es/jugadores/201608/250x250_24113016asier-riesgo.jpg
eibar,Gálvez,http://files.laliga.es/jugadores/201608/250x250_24113126alejandro-galvez.jpg
eibar,Ramis,http://files.laliga.es/jugadores/201608/250x250_24113327ivan-ramis.jpg
eibar,Capa,http://files.laliga.es/jugadores/201608/250x250_24105533ander-capa.jpg
eibar,Mauro,http://files.laliga.es/jugadores/201608/250x250_24112830mauro-dos-santos.jpg
eibar,Arbilla,http://files.laliga.es/jugadores/201609/250x250_13122539anaitz-arbilla.jpg
eibar,Antonio Luna,http://files.laliga.es/jugadores/201608/250x250_24113511antonio-luna.jpg
eibar,Florian Lejeune,http://files.laliga.es/jugadores/201608/250x250_24113232florian-lejeune.jpg
eibar,David Juncà,http://files.laliga.es/jugadores/201608/250x250_24113016david-junca.jpg
eibar,Escalante,http://files.laliga.es/jugadores/201608/250x250_24113512gonzalo-escalante.jpg
eibar,Cristian Rivera,http://files.laliga.es/jugadores/201608/250x250_24113511christian-rivera.jpg
eibar,Inui,http://files.laliga.es/jugadores/201608/250x250_24113650takashi-inui.jpg
eibar,Jota,http://files.laliga.es/jugadores/201608/250x250_24112830jota-peleteiro.jpg
eibar,Dani García,http://files.laliga.es/jugadores/201608/250x250_24105534dani-garcia.jpg
eibar,Fran Rico,http://files.laliga.es/jugadores/201609/250x250_13122504fran-rico.jpg
eibar,P. León,http://files.laliga.es/jugadores/201608/250x250_24105534pedro-leon.jpg
eibar,Adrián,http://files.laliga.es/jugadores/201608/250x250_24113126adrian-gonzalez.jpg
eibar,Sergi Enrich,http://files.laliga.es/jugadores/201608/250x250_24112831sergi-enrich.jpg
eibar,Rubén Peña,http://files.laliga.es/jugadores/201608/250x250_24113327ruben-pena.jpg
eibar,Kike,http://files.laliga.es/jugadores/201608/250x250_24113016kike-garcia.jpg
eibar,Nano,http://files.laliga.es/jugadores/201609/250x250_13122607nano.jpg
eibar,Bebé,http://files.laliga.es/jugadores/201608/250x250_24113327bebe.jpg
espanyol,Quique Sánchez Flores,http://files.laliga.es/jugadores/201608/250x250_15134939quique-sanchez-flores.jpg
espanyol,Roberto,http://files.laliga.es/jugadores/201608/250x250_15132304roberto-jimenez.jpg
espanyol,Duarte,http://files.laliga.es/jugadores/201608/250x250_15132939ruben-duarte.jpg
espanyol,V. Álvarez,http://files.laliga.es/jugadores/201608/250x250_15133050victor-alvarez.jpg
espanyol,Óscar Duarte,http://files.laliga.es/jugadores/201608/250x250_15133011oscar-duarte.jpg
espanyol,Javi López,http://files.laliga.es/jugadores/201608/250x250_15133210javi-lopez.jpg
espanyol,Aarón Martín *,http://files.laliga.es/jugadores/201608/250x250_30090804aaron-martin.jpg
espanyol,Víctor S.,http://files.laliga.es/jugadores/201608/250x250_15134033victor-sanchez.jpg
espanyol,Salva S.,http://files.laliga.es/jugadores/201608/250x250_15134106salva-sevilla.jpg
espanyol,Reyes,http://files.laliga.es/jugadores/201608/250x250_15133945jose-antonio-reyes.jpg
espanyol,Jurado,http://files.laliga.es/jugadores/201608/250x250_15133901jurado.jpg
espanyol,Diop,http://files.laliga.es/jugadores/201608/250x250_15134358pape-diop.jpg
espanyol,Gerard,http://files.laliga.es/jugadores/201608/250x250_15134651gerard-moreno.jpg
espanyol,Caicedo,http://files.laliga.es/jugadores/201608/250x250_15134800felipe-caicedo.jpg
espanyol,Léo Baptistão,http://files.laliga.es/jugadores/201608/250x250_15134446leo-baptistao.jpg
espanyol,Hernán Pérez,http://files.laliga.es/jugadores/201608/250x250_15134727hernan-perez.jpg
espanyol,Piatti,http://files.laliga.es/jugadores/201608/250x250_15134601pablo-piatti.jpg
barcelona,Luis Enrique,http://files.laliga.es/jugadores/201608/250x250_25084016luis-enrique.jpg
barcelona,Masip,http://files.laliga.es/jugadores/201608/250x250_25082501masip.jpg
barcelona,Piqué,http://files.laliga.es/jugadores/201608/250x250_25082126pique.jpg
barcelona,Mascherano,http://files.laliga.es/jugadores/201608/250x250_25082349mascheranos.jpg
barcelona,Jordi Alba,http://files.laliga.es/jugadores/201608/250x250_25082125jordi-alba.jpg
barcelona,Lucas Digne,http://files.laliga.es/jugadores/201608/250x250_25083116digne.jpg
barcelona,Sergi Roberto,http://files.laliga.es/jugadores/201608/250x250_25082348sergi-roberto.jpg
barcelona,Aleix Vidal,http://files.laliga.es/jugadores/201608/250x250_25082800aleix-vidal.jpg
barcelona,Samuel Umtiti,http://files.laliga.es/jugadores/201608/250x250_25083116umtiti.jpg
barcelona,Mathieu,http://files.laliga.es/jugadores/201608/250x250_25082800mathieu.jpg
barcelona,Rakitić,http://files.laliga.es/jugadores/201608/250x250_25082501rakitic.jpg
barcelona,Busquets,http://files.laliga.es/jugadores/201608/250x250_25082349sergio-busquets.jpg
barcelona,Denis Suárez,http://files.laliga.es/jugadores/201608/250x250_25083007denis-suarez.jpg
barcelona,Arda Turan,http://files.laliga.es/jugadores/201608/250x250_25082628arda.jpg
barcelona,Iniesta,http://files.laliga.es/jugadores/201608/250x250_25082124iniesta.jpg
barcelona,André Gomes,http://files.laliga.es/jugadores/201608/250x250_25083116andre-gomes.jpg
barcelona,Luis Suárez,http://files.laliga.es/jugadores/201608/250x250_25083007luis-suarez.jpg
barcelona,Messi,http://files.laliga.es/jugadores/201608/250x250_25082501messi.jpg
granada,Oier,http://files.laliga.es/jugadores/201608/250x250_23105243olazabal.jpg
granada,Ochoa,http://files.laliga.es/jugadores/201608/250x250_23105828ochoa.jpg
granada,Tito,http://files.laliga.es/jugadores/201608/250x250_23105526tito.jpg
granada,Gastón Silva,http://files.laliga.es/jugadores/201608/250x250_23110210gaston.jpg
granada,Gabriel Silva,http://files.laliga.es/jugadores/201608/250x250_23110017silva.jpg
granada,Matthieu Saunier,http://files.laliga.es/jugadores/201608/250x250_23110017saunier.jpg
granada,Foulquier,http://files.laliga.es/201510/250x250_15123350foulquier-v2.jpg
granada,Samper,http://files.laliga.es/jugadores/201608/250x250_29174122samper.jpg
granada,Uche,http://files.laliga.es/jugadores/201608/250x250_23105828uche.jpg
granada,Javi Márquez,http://files.laliga.es/jugadores/201608/250x250_23105703marquez.jpg
granada,Boga,http://files.laliga.es/jugadores/201608/250x250_23110017boga.jpg
granada,Jon Toral,http://files.laliga.es/jugadores/201608/250x250_23110018toral.jpg
granada,Andreas Pereira,http://files.laliga.es/jugadores/201608/250x250_29174054pereira.jpg
granada,Isaac Cuenca,http://files.laliga.es/jugadores/201608/250x250_23105243cuenca.jpg
granada,Krhin,http://files.laliga.es/jugadores/201608/250x250_23105829khrin.jpg
granada,Victorien Angban,http://files.laliga.es/jugadores/201608/250x250_23110210angban.jpg
granada,Barral,http://files.laliga.es/jugadores/201608/250x250_23105702barral.jpg
granada,Ezequiel Ponce,http://files.laliga.es/jugadores/201608/250x250_23110210ponce.jpg
las-palmas,Quique Setién,http://files.laliga.es/jugadores/201608/250x250_12095201quique-setien.jpg
las-palmas,Raúl Lizoain,http://files.laliga.es/jugadores/201608/250x250_12095617raul-lizoain.jpg
las-palmas,Javi Varas,http://files.laliga.es/jugadores/201608/250x250_12095104javi-varas.jpg
las-palmas,David Simón,http://files.laliga.es/jugadores/201608/250x250_12100704david-simon.jpg
las-palmas,Mauricio Lemos,http://files.laliga.es/jugadores/201608/250x250_12100819mauricio-lemos.jpg
las-palmas,David García,http://files.laliga.es/jugadores/201608/250x250_12095706david-garcia.jpg
las-palmas,Michel Macedo,http://files.laliga.es/jugadores/201608/250x250_12100549michel-macedo.jpg
las-palmas,Aythami Artiles,http://files.laliga.es/jugadores/201608/250x250_12095728aythami-artiles.jpg
las-palmas,Bigas,http://files.laliga.es/jugadores/201608/250x250_12095135pedro-bigas.jpg
las-palmas,Hélder Lopes,http://files.laliga.es/jugadores/201608/250x250_22201313helder-lopez.jpg
las-palmas,Dani Castellano,http://files.laliga.es/jugadores/201608/250x250_12095749dani-castellano.jpg
las-palmas,Vicente Gómez,http://files.laliga.es/jugadores/201608/250x250_12100213vicente-gomez.jpg
las-palmas,Montoro,http://files.laliga.es/jugadores/201608/250x250_12095553montoro.jpg
las-palmas,El Zhar,http://files.laliga.es/jugadores/201608/250x250_12100451el-zhar.jpg
las-palmas,Momo,http://files.laliga.es/jugadores/201608/250x250_12095935momo.jpg
las-palmas,Hernán,http://files.laliga.es/jugadores/201608/250x250_12100012hernan.jpg
las-palmas,Roque Mesa,http://files.laliga.es/jugadores/201608/250x250_27094127roque-mesa.jpg
las-palmas,Javi Castellano,http://files.laliga.es/jugadores/201608/250x250_12095814javi-castellano.jpg
las-palmas,Tyronne,http://files.laliga.es/jugadores/201608/250x250_12100727tyronne.jpg
las-palmas,Viera,http://files.laliga.es/jugadores/201608/250x250_12100425jonathan-viera.jpg
las-palmas,Marko Livaja,http://files.laliga.es/jugadores/201609/250x250_07124022marko-livaja.jpg
las-palmas,Araujo,http://files.laliga.es/jugadores/201608/250x250_12100628sergio-araujo.jpg
las-palmas,Tana,http://files.laliga.es/jugadores/201608/250x250_12100300tana.jpg
leganes,Asier Garitano,http://files.laliga.es/jugadores/201608/250x250_22191527asier-garitano.jpg
leganes,Alberto Brignoli,http://files.laliga.es/jugadores/201608/250x250_22191739brignoli.jpg
leganes,Serantes,http://files.laliga.es/jugadores/201608/250x250_22191502serantes.jpg
leganes,Bustinza,http://files.laliga.es/jugadores/201608/250x250_22190951bustinza.jpg
leganes,Adrián Marín,http://files.laliga.es/jugadores/201608/250x250_22191602adrian-marin.jpg
leganes,Mantovani,http://files.laliga.es/jugadores/201608/250x250_22191355mantovani.jpg
leganes,Medjani,http://files.laliga.es/jugadores/201608/250x250_22191913medjani.jpg
leganes,Diego Rico,http://files.laliga.es/jugadores/201609/250x250_02174232diego-rico.jpg
leganes,Víctor Díaz,http://files.laliga.es/jugadores/201608/250x250_22191019victor-diaz.jpg
leganes,Pablo Insua,http://files.laliga.es/jugadores/201608/250x250_22192922insua.jpg
leganes,Alberto Martín,http://files.laliga.es/jugadores/201608/250x250_22191355alberto-martin.jpg
leganes,Gabriel,http://files.laliga.es/jugadores/201608/250x250_22190951gabriel.jpg
leganes,Toni,http://files.laliga.es/jugadores/201608/250x250_22191204toni-dovale.jpg
leganes,Szymanowski,http://files.laliga.es/jugadores/201608/250x250_22190952szymanowski.jpg
leganes,Unai López,http://files.laliga.es/jugadores/201608/250x250_22191959unai-lopez.jpg
leganes,Sastre,http://files.laliga.es/jugadores/201608/250x250_22191116sastre.jpg
leganes,Omar,http://files.laliga.es/jugadores/201608/250x250_22191116omar.jpg
leganes,Timor,http://files.laliga.es/jugadores/201608/250x250_22191204timor.jpg
leganes,Machís,http://files.laliga.es/jugadores/201609/250x250_02174252machis.jpg
leganes,Guerrero,http://files.laliga.es/jugadores/201608/250x250_22191257guerrero.jpg
leganes,Koné,http://files.laliga.es/jugadores/201609/250x250_02174314kone.jpg
leganes,Luciano Neves,http://files.laliga.es/jugadores/201609/250x250_02174336luciano-neves.jpg
malaga,Juande Ramos,http://files.laliga.es/jugadores/201608/250x250_16144118juande-ramos.jpg
malaga,Kameni,http://files.laliga.es/jugadores/201608/250x250_16141951kameni.jpg
malaga,Aarón Escandell *,http://files.laliga.es/jugadores/201608/250x250_20102541aaron.jpg
malaga,Bakary Koné,http://files.laliga.es/jugadores/201608/250x250_20100723kone.jpg
malaga,Weligton,http://files.laliga.es/jugadores/201608/250x250_16142016welligton.jpg
malaga,Mikel Villanueva,http://files.laliga.es/jugadores/201608/250x250_30102226mikel-villanueva.jpg
malaga,Llorente R.,http://files.laliga.es/jugadores/201608/250x250_16142257llorente.jpg
malaga,Juankar,http://files.laliga.es/jugadores/201608/250x250_30102226juankar.jpg
malaga,Ricca,http://files.laliga.es/jugadores/201608/250x250_16142540ricca.jpg
malaga,Roberto Rosales,http://files.laliga.es/jugadores/201608/250x250_16142416rosales.jpg
malaga,Miguel Torres,http://files.laliga.es/jugadores/201608/250x250_16142416miguel-torres.jpg
malaga,Camacho,http://files.laliga.es/jugadores/201608/250x250_16142042camacho.jpg
malaga,Juanpi,http://files.laliga.es/jugadores/201608/250x250_16142722juanpi.jpg
malaga,Chory Castro,http://files.laliga.es/jugadores/201608/250x250_16142257chory.jpg
malaga,Recio,http://files.laliga.es/jugadores/201608/250x250_16141720recio.jpg
malaga,Duda,http://files.laliga.es/jugadores/201608/250x250_16142042duda.jpg
malaga,Keko,http://files.laliga.es/jugadores/201608/250x250_16142539keko.jpg
malaga,Jony,http://files.laliga.es/jugadores/201608/250x250_20101947jony.jpg
malaga,Zdravko Kuzmanovic,http://files.laliga.es/jugadores/201608/250x250_20104303kuzmanovic.jpg
malaga,Javi Ontiveros *,http://files.laliga.es/jugadores/201608/250x250_16142722ontiveros.jpg
malaga,Pablo Fornals *,http://files.laliga.es/jugadores/201608/250x250_16142643pablo-fornals.jpg
malaga,Michael Santos,http://files.laliga.es/jugadores/201609/250x250_02174913michael-santos.jpg
malaga,Charles,http://files.laliga.es/jugadores/201608/250x250_16141829charles.jpg
malaga,Sandro,http://files.laliga.es/jugadores/201608/250x250_16141746sandro.jpg
malaga,Youssef En-Nesyri,http://files.laliga.es/jugadores/201608/250x250_30102225en-nesyri.jpg
granada,Oier,http://files.laliga.es/jugadores/201608/250x250_23105243olazabal.jpg
granada,Ochoa,http://files.laliga.es/jugadores/201608/250x250_23105828ochoa.jpg
granada,Tito,http://files.laliga.es/jugadores/201608/250x250_23105526tito.jpg
granada,Gastón Silva,http://files.laliga.es/jugadores/201608/250x250_23110210gaston.jpg
granada,Gabriel Silva,http://files.laliga.es/jugadores/201608/250x250_23110017silva.jpg
granada,Matthieu Saunier,http://files.laliga.es/jugadores/201608/250x250_23110017saunier.jpg
granada,Foulquier,http://files.laliga.es/201510/250x250_15123350foulquier-v2.jpg
granada,Samper,http://files.laliga.es/jugadores/201608/250x250_29174122samper.jpg
granada,Uche,http://files.laliga.es/jugadores/201608/250x250_23105828uche.jpg
granada,Javi Márquez,http://files.laliga.es/jugadores/201608/250x250_23105703marquez.jpg
granada,Boga,http://files.laliga.es/jugadores/201608/250x250_23110017boga.jpg
granada,Jon Toral,http://files.laliga.es/jugadores/201608/250x250_23110018toral.jpg
granada,Andreas Pereira,http://files.laliga.es/jugadores/201608/250x250_29174054pereira.jpg
granada,Isaac Cuenca,http://files.laliga.es/jugadores/201608/250x250_23105243cuenca.jpg
granada,Krhin,http://files.laliga.es/jugadores/201608/250x250_23105829khrin.jpg
granada,Victorien Angban,http://files.laliga.es/jugadores/201608/250x250_23110210angban.jpg
granada,Barral,http://files.laliga.es/jugadores/201608/250x250_23105702barral.jpg
granada,Ezequiel Ponce,http://files.laliga.es/jugadores/201608/250x250_23110210ponce.jpg
las-palmas,Quique Setién,http://files.laliga.es/jugadores/201608/250x250_12095201quique-setien.jpg
las-palmas,Raúl Lizoain,http://files.laliga.es/jugadores/201608/250x250_12095617raul-lizoain.jpg
las-palmas,Javi Varas,http://files.laliga.es/jugadores/201608/250x250_12095104javi-varas.jpg
las-palmas,David Simón,http://files.laliga.es/jugadores/201608/250x250_12100704david-simon.jpg
las-palmas,Mauricio Lemos,http://files.laliga.es/jugadores/201608/250x250_12100819mauricio-lemos.jpg
las-palmas,David García,http://files.laliga.es/jugadores/201608/250x250_12095706david-garcia.jpg
las-palmas,Michel Macedo,http://files.laliga.es/jugadores/201608/250x250_12100549michel-macedo.jpg
las-palmas,Aythami Artiles,http://files.laliga.es/jugadores/201608/250x250_12095728aythami-artiles.jpg
las-palmas,Bigas,http://files.laliga.es/jugadores/201608/250x250_12095135pedro-bigas.jpg
las-palmas,Hélder Lopes,http://files.laliga.es/jugadores/201608/250x250_22201313helder-lopez.jpg
las-palmas,Dani Castellano,http://files.laliga.es/jugadores/201608/250x250_12095749dani-castellano.jpg
las-palmas,Vicente Gómez,http://files.laliga.es/jugadores/201608/250x250_12100213vicente-gomez.jpg
las-palmas,Montoro,http://files.laliga.es/jugadores/201608/250x250_12095553montoro.jpg
las-palmas,El Zhar,http://files.laliga.es/jugadores/201608/250x250_12100451el-zhar.jpg
las-palmas,Momo,http://files.laliga.es/jugadores/201608/250x250_12095935momo.jpg
las-palmas,Hernán,http://files.laliga.es/jugadores/201608/250x250_12100012hernan.jpg
las-palmas,Roque Mesa,http://files.laliga.es/jugadores/201608/250x250_27094127roque-mesa.jpg
las-palmas,Javi Castellano,http://files.laliga.es/jugadores/201608/250x250_12095814javi-castellano.jpg
las-palmas,Tyronne,http://files.laliga.es/jugadores/201608/250x250_12100727tyronne.jpg
las-palmas,Viera,http://files.laliga.es/jugadores/201608/250x250_12100425jonathan-viera.jpg
las-palmas,Marko Livaja,http://files.laliga.es/jugadores/201609/250x250_07124022marko-livaja.jpg
las-palmas,Araujo,http://files.laliga.es/jugadores/201608/250x250_12100628sergio-araujo.jpg
las-palmas,Tana,http://files.laliga.es/jugadores/201608/250x250_12100300tana.jpg
osasuna,Enrique Martín,http://files.laliga.es/jugadores/201608/250x250_16165847enrique-martin.jpg
osasuna,Mario,http://files.laliga.es/jugadores/201608/250x250_16165657mario-fernandez.jpg
osasuna,Nauzet Pérez,http://files.laliga.es/jugadores/201608/250x250_16165556nauzet-perez.jpg
osasuna,Javier Flaño,http://files.laliga.es/jugadores/201608/250x250_16165555javier-fla--o.jpg
osasuna,Tano,http://files.laliga.es/jugadores/201608/250x250_16170028cayetano-bonnin.jpg
osasuna,Flaño,http://files.laliga.es/jugadores/201608/250x250_16165259miguel-fla--o.jpg
osasuna,David García,http://files.laliga.es/jugadores/201608/250x250_16165740david-garcia.jpg
osasuna,Oier,http://files.laliga.es/jugadores/201608/250x250_16165357oier-sanjurjo.jpg
osasuna,Fuentes,http://files.laliga.es/jugadores/201609/250x250_13135940juan-fuentes.jpg
osasuna,Clerc,http://files.laliga.es/jugadores/201609/250x250_13140024carlos-clerc.jpg
osasuna,Buñuel *,http://files.laliga.es/jugadores/201608/250x250_16170150aitor-bu--uel.jpg
osasuna,Goran Causic,http://files.laliga.es/jugadores/201608/250x250_20091024goran-causic.jpg
osasuna,Roberto Torres,http://files.laliga.es/jugadores/201608/250x250_16165443roberto-torres.jpg
osasuna,Berenguer,http://files.laliga.es/jugadores/201608/250x250_16170336alex-berenguer.jpg
osasuna,Fausto,http://files.laliga.es/jugadores/201608/250x250_20083722fausto-tienza.jpg
osasuna,Unai García,http://files.laliga.es/jugadores/201608/250x250_16165740unai-garcia.jpg
osasuna,Jaime Romero,http://files.laliga.es/jugadores/201608/250x250_20091756jaime-romero.jpg
osasuna,Fran Mérida,http://files.laliga.es/jugadores/201608/250x250_20093733fran-merida.jpg
osasuna,De las Cuevas,http://files.laliga.es/jugadores/201608/250x250_16165357miguel-delascuevas.jpg
osasuna,Digard,http://files.laliga.es/jugadores/201609/250x250_13140101didier-digard.jpg
osasuna,Javi Álamo,http://files.laliga.es/jugadores/201609/250x250_13140003javi-alamo.jpg
osasuna,Imanol García *,http://files.laliga.es/jugadores/201608/250x250_20093327imanol-garcia.jpg
osasuna,Olavide *,http://files.laliga.es/jugadores/201608/250x250_16170151miguel-olavide.jpg
osasuna,Otegui *,http://files.laliga.es/jugadores/201608/250x250_16165847antonio-otegui.jpg
osasuna,Sergio León,http://files.laliga.es/jugadores/201609/250x250_13135843sergio-leon.jpg
osasuna,Oriol Riera,http://files.laliga.es/jugadores/201609/250x250_13135911oriol-riera.jpg
osasuna,Rivière,http://files.laliga.es/jugadores/201609/250x250_13140134emmanuel-riviere.jpg
osasuna,Kenan Kodro,http://files.laliga.es/jugadores/201608/250x250_16165657kenan-kodro.jpg
betis,Poyet,http://files.laliga.es/jugadores/201608/250x250_20131525poyet.jpg
betis,Dani Giménez,http://files.laliga.es/jugadores/201608/250x250_20130922dani-gimenez.jpg
betis,Adán,http://files.laliga.es/jugadores/201608/250x250_20130921adan.jpg
betis,Manu Herrera,http://files.laliga.es/jugadores/201608/250x250_26195958manu-herrera.jpg
betis,Rafa Navarro,http://files.laliga.es/jugadores/201609/250x250_02172733rafa-navarro.jpg
betis,Álex Martínez,http://files.laliga.es/jugadores/201608/250x250_20134539alex-martinez.jpg
betis,Bruno,http://files.laliga.es/jugadores/201608/250x250_20131009bruno.jpg
betis,Piccini,http://files.laliga.es/jugadores/201608/250x250_26195958piccini.jpg
betis,Riza Durmisi,http://files.laliga.es/jugadores/201608/250x250_26195958durmisi.jpg
betis,Ryan Donk,http://files.laliga.es/jugadores/201609/250x250_13141434donk.jpg
betis,Pezzella,http://files.laliga.es/jugadores/201608/250x250_20131414pezzella.jpg
betis,Aissa Mandi,http://files.laliga.es/jugadores/201608/250x250_26195957mandi.jpg
betis,Petros,http://files.laliga.es/jugadores/201608/250x250_20131414petros.jpg
betis,Felipe Gutiérrez,http://files.laliga.es/jugadores/201608/250x250_26195957felipe-gutierrez.jpg
betis,Musonda,http://files.laliga.es/jugadores/201608/250x250_20131526musonda.jpg
betis,Jonas Martin,http://files.laliga.es/jugadores/201608/250x250_26195958jonas.jpg
betis,Dani Ceballos,http://files.laliga.es/jugadores/201608/250x250_20131340dani-ceballos.jpg
betis,Nahuel,http://files.laliga.es/jugadores/201608/250x250_20131644nahuel.jpg
betis,Cejudo,http://files.laliga.es/jugadores/201608/250x250_20131009cejudo.jpg
betis,Joaquín,http://files.laliga.es/jugadores/201608/250x250_20131525joaquin.jpg
betis,Roman Zozulya,http://files.laliga.es/jugadores/201608/250x250_26200000roman-zozulya.jpg
betis,Fabián,http://files.laliga.es/jugadores/201608/250x250_20131838fabian.jpg
betis,Darko Brasanac,http://files.laliga.es/jugadores/201609/250x250_13141408brasanac.jpg
betis,Sanabria,http://files.laliga.es/jugadores/201608/250x250_20131644sanabria.jpg
betis,Alex Alegría,http://files.laliga.es/jugadores/201608/250x250_20131741alex-alegria.jpg
betis,Rubén Castro,http://files.laliga.es/jugadores/201608/250x250_20131224ruben-castro.jpg
real-madrid,Zidane,http://files.laliga.es/jugadores/201608/250x250_25115936zidane.jpg
real-madrid,Keylor Navas,http://files.laliga.es/jugadores/201608/250x250_25115821keylor-navas.jpg
real-madrid,Kiko Casilla,http://files.laliga.es/jugadores/201608/250x250_25115822kiko-casilla.jpg
real-madrid,Rubén Yáñez,http://files.laliga.es/201510/250x250_14150108ya--ez.jpg
real-madrid,Carvajal,http://files.laliga.es/jugadores/201608/250x250_25114255carvajal.jpg
real-madrid,Pepe,http://files.laliga.es/jugadores/201608/250x250_25114150pepe.jpg
real-madrid,Sergio Ramos,http://files.laliga.es/jugadores/201608/250x250_25114150sergio-ramos.jpg
real-madrid,Varane,http://files.laliga.es/jugadores/201608/250x250_25114151varane.jpg
real-madrid,Nacho,http://files.laliga.es/jugadores/201608/250x250_25114359nacho.jpg
real-madrid,Marcelo,http://files.laliga.es/jugadores/201608/250x250_25114256marcelo.jpg
real-madrid,Coentrão,http://files.laliga.es/jugadores/201608/250x250_25114256coentrao.jpg
real-madrid,Danilo,http://files.laliga.es/jugadores/201608/250x250_25120501danilo.jpg
real-madrid,Toni Kroos,http://files.laliga.es/jugadores/201608/250x250_25120501kroos.jpg
real-madrid,James Rodríguez,http://files.laliga.es/jugadores/201608/250x250_25120501james.jpg
real-madrid,Casemiro,http://files.laliga.es/jugadores/201608/250x250_25114518casemiro.jpg
real-madrid,Kovačić,http://files.laliga.es/jugadores/201608/250x250_25120605kovacik.jpg
real-madrid,Modrić,http://files.laliga.es/jugadores/201608/250x250_25114359modric.jpg
real-madrid,Marco Asensio,http://files.laliga.es/jugadores/201608/250x250_25120158asensio.jpg
real-madrid,Isco,http://files.laliga.es/jugadores/201608/250x250_25114519isco.jpg
real-madrid,Ronaldo,http://files.laliga.es/jugadores/201608/250x250_25114519cristiano-ronaldo.jpg
real-madrid,Benzema,http://files.laliga.es/jugadores/201608/250x250_25115902benzema.jpg
real-madrid,Bale,http://files.laliga.es/jugadores/201608/250x250_25114359gareth-bale.jpg
real-madrid,Lucas Vázquez,http://files.laliga.es/jugadores/201608/250x250_25120159lucas-vazquez.jpg
real-madrid,Mariano,http://files.laliga.es/jugadores/201608/250x250_25120159mariano.jpg
real-madrid,Morata,http://files.laliga.es/jugadores/201608/250x250_25115821morata.jpg
real-sociedad,Eusebio,http://files.laliga.es/jugadores/201608/250x250_25132125eusebio.jpg
real-sociedad,Ander Bardaji,http://files.laliga.es/jugadores/201608/250x250_25133434ander-bardaji.jpg
real-sociedad,Toño Ramírez,http://files.laliga.es/jugadores/201608/250x250_25133607to--o-ramirez.jpg
real-sociedad,Carlos Martínez,http://files.laliga.es/jugadores/201608/250x250_25132326carlos-martinez.jpg
real-sociedad,Mikel,http://files.laliga.es/jugadores/201608/250x250_25132125mikel-gonzalez.jpg
real-sociedad,Martínez I.,http://files.laliga.es/jugadores/201608/250x250_25132125i--igo-martinez.jpg
real-sociedad,Aritz Elustondo,http://files.laliga.es/jugadores/201608/250x250_25133434elustondo.jpg
real-sociedad,Yuri,http://files.laliga.es/jugadores/201608/250x250_25131930yuri-berchiche.jpg
real-sociedad,Zaldúa,http://files.laliga.es/jugadores/201608/250x250_25133206joseba-zaldua.jpg
real-sociedad,Héctor,http://files.laliga.es/jugadores/201608/250x250_25133606hector-hernandez.jpg
real-sociedad,Raúl Navas,http://files.laliga.es/jugadores/201608/250x250_25131930raul-navas.jpg
real-sociedad,Illarramendi,http://files.laliga.es/jugadores/201608/250x250_25131931illarramendi.jpg
real-sociedad,Markel Bergara,http://files.laliga.es/jugadores/201608/250x250_25132326markel-bergara.jpg
real-sociedad,Granero,http://files.laliga.es/jugadores/201608/250x250_25132440granero.jpg
real-sociedad,Xabi Prieto,http://files.laliga.es/jugadores/201608/250x250_25132620xavi-prieto.jpg
real-sociedad,Rubén Pardo,http://files.laliga.es/jugadores/201608/250x250_25132327ruben-pardo.jpg
real-sociedad,Canales,http://files.laliga.es/jugadores/201608/250x250_25133206sergio-canales.jpg
real-sociedad,Zurutuza,http://files.laliga.es/jugadores/201608/250x250_25132440zurutuza.jpg
real-sociedad,Mikel Oyarzabal,http://files.laliga.es/jugadores/201608/250x250_25133606mikel-oyarzabal.jpg
real-sociedad,Gaztañaga,http://files.laliga.es/jugadores/201608/250x250_25132440jon-gazta--aga.jpg
real-sociedad,Juanmi,http://files.laliga.es/jugadores/201608/250x250_30090057juanmi-jimenez.jpg
real-sociedad,Agirretxe,http://files.laliga.es/jugadores/201608/250x250_25132620aguirretxe.jpg
real-sociedad,Vela,http://files.laliga.es/jugadores/201608/250x250_25132620carlos-vela.jpg
real-sociedad,Willian José,http://files.laliga.es/jugadores/201608/250x250_30090057william-jose.jpg
real-sociedad,David Concha,http://files.laliga.es/jugadores/201608/250x250_25133206david-concha.jpg
sevilla,Jorge Sampaoli,http://files.laliga.es/jugadores/201608/250x250_09141516sampaoli.jpg
sevilla,Sergio Rico,http://files.laliga.es/jugadores/201608/250x250_09140820sergio-rico.jpg
sevilla,David Soria,http://files.laliga.es/jugadores/201608/250x250_09141219david-soria.jpg
sevilla,Trémoulinas,http://files.laliga.es/jugadores/201608/250x250_09140957tremoulinas.jpg
sevilla,Mariano,http://files.laliga.es/jugadores/201608/250x250_09141403mariano.jpg
sevilla,Kolodziejczak,http://files.laliga.es/jugadores/201608/250x250_09141154kolo.jpg
sevilla,Carriço,http://files.laliga.es/jugadores/201608/250x250_09140442carri--o.jpg
sevilla,Escudero,http://files.laliga.es/jugadores/201608/250x250_09140258escudero.jpg
sevilla,Pareja,http://files.laliga.es/jugadores/201608/250x250_09140512nico-pareja.jpg
sevilla,Rami,http://files.laliga.es/jugadores/201608/250x250_09140757rami.jpg
sevilla,Gabriel Mercado,http://files.laliga.es/jugadores/201609/250x250_02174226mercado.jpg
sevilla,Matías Kranevitter,http://files.laliga.es/jugadores/201608/250x250_09141455kranevitter.jpg
sevilla,Krohn-Dehli,http://files.laliga.es/jugadores/201609/250x250_13125755krohn-dehli.jpg
sevilla,Iborra,http://files.laliga.es/jugadores/201608/250x250_09140604iborra.jpg
sevilla,Correa,http://files.laliga.es/jugadores/201608/250x250_09141644correa.jpg
sevilla,Kiyotake,http://files.laliga.es/jugadores/201608/250x250_09141553kiyotake.jpg
sevilla,N'Zonzi,http://files.laliga.es/jugadores/201608/250x250_09141337nzonzi.jpg
sevilla,Pablo Sarabia,http://files.laliga.es/jugadores/201608/250x250_09140329sarabia.jpg
sevilla,Ganso,http://files.laliga.es/jugadores/201608/250x250_09141618ganso.jpg
sevilla,Vitolo,http://files.laliga.es/jugadores/201608/250x250_09140631vitolo.jpg
sevilla,Diego González *,http://files.laliga.es/jugadores/201609/250x250_02174226diego-gonzalez.jpg
sevilla,Vietto,http://files.laliga.es/jugadores/201608/250x250_09140842vietto.jpg
sevilla,Ben Yedder,http://files.laliga.es/jugadores/201608/250x250_25174828ben-yedder.jpg
sevilla,Franco Vázquez,http://files.laliga.es/jugadores/201609/250x250_02174226franco_vazquez.jpg
sporting,Abelardo,http://files.laliga.es/jugadores/201608/250x250_26155735abelardo.jpg
sporting,Cuéllar,http://files.laliga.es/jugadores/201608/250x250_26155232cuellar.jpg
sporting,Mariño,http://files.laliga.es/jugadores/201608/250x250_26154928diego-mari--o.jpg
sporting,Meré,http://files.laliga.es/jugadores/201608/250x250_26155934mere.jpg
sporting,Amorebieta,http://files.laliga.es/jugadores/201608/250x250_26160244fernando-amorebieta.jpg
sporting,Lora,http://files.laliga.es/jugadores/201608/250x250_26155232lora.jpg
sporting,R. Canella,http://files.laliga.es/jugadores/201608/250x250_26155232roberto-canella.jpg
sporting,Lillo,http://files.laliga.es/jugadores/201608/250x250_26154929lillo.jpg
sporting,Sergio A.,http://files.laliga.es/jugadores/201608/250x250_26155331sergio-alvarez.jpg
sporting,Víctor,http://files.laliga.es/jugadores/201608/250x250_26155446victor-rodriguez.jpg
sporting,Cases,http://files.laliga.es/jugadores/201608/250x250_26155330nacho-cases.jpg
sporting,Isma,http://files.laliga.es/jugadores/201608/250x250_26155446isma-lopez.jpg
sporting,Carmona,http://files.laliga.es/jugadores/201608/250x250_26155330carmona.jpg
sporting,Ndi,http://files.laliga.es/jugadores/201608/250x250_26155935dani-ndi.jpg
sporting,Moi Gómez,http://files.laliga.es/jugadores/201608/250x250_26154928moi-gomez.jpg
sporting,Castro,http://files.laliga.es/jugadores/201608/250x250_26155736carlos-castro.jpg
sporting,Burgui,http://files.laliga.es/jugadores/201608/250x250_26155446burgui.jpg
sporting,Cop,http://files.laliga.es/jugadores/201608/250x250_26160134duje-cop.jpg
valencia,Jaume,http://files.laliga.es/jugadores/201607/250x250_22162816jaume-domenech.jpg
valencia,Mathew Ryan,http://files.laliga.es/jugadores/201607/250x250_22163112math-ryan.jpg
valencia,Cancelo,http://files.laliga.es/jugadores/201607/250x250_22162156joao-cancelo.jpg
valencia,Aderllan Santos,http://files.laliga.es/jugadores/201607/250x250_22161902aderlan-santos.jpg
valencia,Siqueira,http://files.laliga.es/jugadores/201607/250x250_22163455guilherme-siqueira.jpg
valencia,Gayá,http://files.laliga.es/jugadores/201607/250x250_22162636jose-luis-gaya.jpg
valencia,Abdennour,http://files.laliga.es/jugadores/201607/250x250_22162000aymen-abdennour.jpg
valencia,Lato *,http://files.laliga.es/jugadores/201609/250x250_02174411lato.jpg
valencia,Enzo Pérez,http://files.laliga.es/jugadores/201607/250x250_22162544enzo-perez.jpg
valencia,Dani Parejo,http://files.laliga.es/jugadores/201607/250x250_22162245dani-parejo.jpg
valencia,Bakkali,http://files.laliga.es/jugadores/201607/250x250_22162106zakaria-bakkali.jpg
valencia,Fede Cartabia,http://files.laliga.es/jugadores/201607/250x250_22165322fede-cartabria.jpg
valencia,Álvaro Medrán,http://files.laliga.es/jugadores/201608/250x250_22200135alvaro-medran.jpg
valencia,Carlos Soler *,http://files.laliga.es/jugadores/201608/250x250_22200856carlos-soler.jpg
valencia,Rodrigo,http://files.laliga.es/jugadores/201607/250x250_22163305rodrigo-moreno.jpg
valencia,Santi Mina,http://files.laliga.es/jugadores/201607/250x250_22163409santi-mina.jpg
villarreal,Fran Escribá,http://files.laliga.es/jugadores/201609/250x250_15094543fran-escriba.jpg
villarreal,S. Asenjo,http://files.laliga.es/jugadores/201608/250x250_10163304asenjo.jpg
villarreal,Andrés Fernández,http://files.laliga.es/jugadores/201608/250x250_30090514andres-fernandez.jpg
villarreal,Barbosa,http://files.laliga.es/jugadores/201608/250x250_10164257barbosa.jpg
villarreal,Mario,http://files.laliga.es/jugadores/201608/250x250_10163357mario.jpg
villarreal,José Ángel,http://files.laliga.es/jugadores/201608/250x250_10164349jose-angel.jpg
villarreal,Víctor Ruiz,http://files.laliga.es/jugadores/201608/250x250_10164411victor-ruiz.jpg
villarreal,J. Costa,http://files.laliga.es/jugadores/201608/250x250_10163437jaume-costa.jpg
villarreal,Jokić,http://files.laliga.es/jugadores/201609/250x250_02174518jokic.jpg
villarreal,Rukavina,http://files.laliga.es/jugadores/201608/250x250_10164321rukavina.jpg
villarreal,Bonera,http://files.laliga.es/jugadores/201608/250x250_10164649bonera.jpg
villarreal,N'Diaye,http://files.laliga.es/jugadores/201608/250x250_10164456n-diaye.jpg
villarreal,Chéryshev,http://files.laliga.es/jugadores/201608/250x250_10164815cheryshev.jpg
villarreal,J. Dos Santos,http://files.laliga.es/jugadores/201608/250x250_10163241dos-santos.jpg
villarreal,M. Trigueros,http://files.laliga.es/jugadores/201608/250x250_10164122trigueros.jpg
villarreal,Rodrigo,http://files.laliga.es/jugadores/201609/250x250_07125806rodri.jpg
villarreal,Roberto Soriano,http://files.laliga.es/jugadores/201608/250x250_30090515roberto-soriano.jpg
villarreal,Bruno,http://files.laliga.es/jugadores/201608/250x250_20173513bruno.jpg
villarreal,Soldado,http://files.laliga.es/jugadores/201608/250x250_10164551soldado.jpg
villarreal,Pato,http://files.laliga.es/jugadores/201608/250x250_10164714pato.jpg
villarreal,Bakambu,http://files.laliga.es/jugadores/201608/250x250_10164617bakambu.jpg
villarreal,Samu Castillejo,http://files.laliga.es/jugadores/201608/250x250_10164522samu-castillejo.jpg
